event_id,event_date,event_type,valence,hf_weighted,hf_total_v3,delta_hf_weighted,source_category
e828ff6e1738,1947-10-17,psychological_crisis,negative,-9.958127227218526,-6.868003492157957,3.2900037274708502,birth_certificate
8a6e16007649,1961-06-01,education_end,positive,-13.398046534383017,-9.853246849333656,-0.1499155796936406,birth_certificate
ead93b5d5063,1962-01-01,education_start,neutral,-11.773628486831097,-8.769843743709531,1.4745024678582794,birth_certificate
04178a32c901,1963-09-28,arrest,negative,-12.797145652042456,-9.046623740598482,0.4509853026469201,birth_certificate
2c96210b20b5,1964-01-01,education_start,neutral,-11.13403217354328,-7.09290279241598,2.1140987811460974,birth_certificate
f857aa42b668,1965-01-01,professional_milestone,positive,-12.688321115824136,-9.573830603034898,0.5598098388652399,birth_certificate
dcae3556482f,1967-01-01,professional_milestone,positive,-14.98075746581625,-11.386771973588928,-1.732626511126874,birth_certificate
dcae3556482f,1967-01-01,arrest,negative,-14.98075746581625,-11.386771973588928,-1.732626511126874,birth_certificate
b57e93da16be,1967-09-30,marriage,positive,-10.674129874871598,-7.51020921897636,2.574001079817778,birth_certificate
eb0bc1ebab5f,1969-01-01,political_event,negative,-11.458340299680495,-7.88843147665059,1.7897906550088791,birth_certificate
ca7479878bc7,1971-07-03,death,negative,-13.689239922178738,-9.985276490601027,-0.4411089674893613,birth_certificate
b5cd924db91c,1993-01-01,award,positive,-11.69752546959438,-8.080633223229334,1.5506054850949962,birth_certificate
c4c2c326daba,1929-06-04,divorce,negative,-18.2213381109176,-14.823346092544824,-6.8608685755043854,birth_certificate
80a98ea75164,1933-02-11,birth_child,positive,-8.807953002002403,-4.963613450224026,2.552516533410808,birth_certificate
8899ea2805bb,1935-01-01,professional_milestone,positive,-15.44496581310214,-11.472334121081428,-4.084496277688929,birth_certificate
3a8b0a0368c0,1935-07-01,death,negative,-19.50391986800321,-16.20539554399081,-8.143450332590001,birth_certificate
2afc6765b429,1944-12-01,professional_milestone,positive,-12.476952857068431,-7.637751639525913,-1.116483321655222,birth_certificate
d2f894cec1e1,1945-01-01,artistic_creation,positive,-14.861474612899244,-10.29045139896166,-3.501005077486033,birth_certificate
5001ef65f932,1947-01-01,artistic_creation,positive,-12.114982786059754,-8.202145009030993,-0.7545132506465428,birth_certificate
b8c171fa3485,1950-07-01,relationship_start,positive,-12.569190900071064,-9.44001065878162,-1.208721364657853,birth_certificate
45acdb92c7f1,1951-01-01,accident,negative,-11.346092888660984,-6.2667674233338495,0.0143766467522254,birth_certificate
3f8aafd5eb85,1952-01-01,marriage,positive,-12.699533799403738,-7.885297736530333,-1.3390642639905277,birth_certificate
0f1385827346,1952-09-20,marriage,positive,-13.942891425305309,-10.360507589217182,-2.582421889892098,birth_certificate
0f1385827346,1952-09-20,marriage,positive,-13.942891425305309,-10.360507589217182,-2.582421889892098,birth_certificate
f347b5c74b5e,1957-01-01,divorce,negative,-14.455145147870272,-10.794080892697258,-3.0946756124570616,birth_certificate
58d1c802b180,1962-01-01,marriage,positive,-16.45998619881985,-13.245623678494168,-5.099516663406638,birth_certificate
6dafd8fb01d9,1962-10-09,marriage,positive,-9.68127709911488,-6.289178929373046,1.6791924362983297,birth_certificate
6dafd8fb01d9,1962-10-09,marriage,positive,-9.68127709911488,-6.289178929373046,1.6791924362983297,birth_certificate
a7001587fdff,1963-04-01,artistic_creation,neutral,-13.461239568281652,-10.398789385222026,-2.100770032868441,birth_certificate
700201074ec5,1963-10-10,death,negative,-12.34049445825728,-8.703513460751102,-0.980024922844068,birth_certificate
9acd8e283e67,1977-01-01,award,positive,-14.411786892959238,-10.743438021311976,-3.0513173575460275,birth_certificate
f66b2fd215ef,1998-01-01,award,positive,-13.780824540812642,-10.585824500670697,-2.420355005399431,birth_certificate
9fbe45b8cdb9,1914-01-01,relocation,neutral,-7.008560571914979,-2.907034313284462,6.083601278244389,birth_certificate
0b6343f181a1,1918-01-01,education_end,positive,-6.494188329311452,-2.78265793186831,6.597973520847916,birth_certificate
15ba82781eae,1921-01-01,relocation,neutral,-9.731868852645734,-6.421307103342425,3.3602929975136338,birth_certificate
c54bc2c4283f,1923-01-01,publication,positive,-20.07175855394217,-16.72046973091995,-6.979596703782804,birth_certificate
9ff0848eaa94,1933-01-01,professional_milestone,positive,-14.67150253198187,-11.053838417048606,-1.5793406818225026,birth_certificate
f6ab428453b2,1935-01-01,publication,positive,-15.574583079650322,-11.732525716586578,-2.4824212294909547,birth_certificate
c4e31466caf9,1938-12-24,accident,negative,-12.23576855527285,-8.454206168534284,0.8563932948865176,birth_certificate
544cb49a5706,1939-05-01,artistic_creation,positive,-10.152231394583898,-6.6508218169317335,2.9399304555754693,birth_certificate
c013c28d6356,1941-01-01,publication,positive,-11.857409379921908,-6.976267368275737,1.23475247023746,birth_certificate
4ea9a7111fbc,1955-01-01,professional_milestone,positive,-16.355122047665347,-12.06352451890275,-3.262960197505979,birth_certificate
64a45eb19548,1961-01-01,award,positive,-16.25947996448775,-13.128939218217958,-3.1673181143283813,birth_certificate
15023fc0b194,1971-01-01,award,positive,-10.533503279736566,-6.798850424246404,2.5586585704228018,birth_certificate
2e22bf5f5167,1972-01-01,award,positive,-13.393386911852303,-9.893836787110551,-0.3012250616929357,birth_certificate
6a1c619c86cd,1973-01-01,award,positive,-7.744434123022504,-4.679346789336659,5.347727727136864,birth_certificate
1399c3c11e2a,1986-06-14,death,negative,-14.561198377608765,-10.96627392122378,-1.469036527449397,birth_certificate
01e169d3205e,2006-01-01,award,positive,-10.613490557031191,-6.770506915055673,2.478671293128176,birth_certificate
fbe19a221adc,2008-01-01,award,positive,-10.541362948958335,-7.540818640819253,2.5507989012010324,birth_certificate
fbe19a221adc,2008-01-01,award,positive,-10.541362948958335,-7.540818640819253,2.5507989012010324,birth_certificate
a8cfe06c019f,2018-01-01,award,positive,-14.076720150621542,-11.069760249987084,-0.984558300462174,birth_certificate
17a97351341a,1938-09-20,birth_child,positive,-5.907597396833062,-1.5112254586655212,3.067751803627682,birth_certificate
13c4caf2e70e,1939-05-06,relocation,neutral,-13.081733169180078,-9.10268431707627,-4.106383968719333,birth_certificate
f9e4d85734cf,1939-09-22,professional_milestone,positive,-12.827219775326446,-8.957113144517253,-3.8518705748657016,birth_certificate
cb32629f1e7f,1942-01-01,professional_milestone,positive,-12.379920104755724,-8.822357785308212,-3.404570904294978,birth_certificate
29236993b9ba,1944-01-01,award,positive,-11.7455276086875,-8.136734975584606,-2.770178408226757,birth_certificate
162ba93dee73,1945-03-15,award,positive,-17.99327548586082,-14.243193981253786,-9.017926285400076,birth_certificate
4c9f0e94f9c0,1947-01-01,award,positive,-11.01548862291078,-7.043270509195037,-2.040139422450036,birth_certificate
5827aa995e21,1950-01-01,relationship_start,positive,-12.661349250753592,-8.587179087974295,-3.686000050292849,birth_certificate
0e3d457a241c,1950-05-24,marriage,positive,-16.99517727828538,-13.598230793743866,-8.019828077824634,birth_certificate
0e3d457a241c,1950-05-24,marriage,positive,-16.99517727828538,-13.598230793743866,-8.019828077824634,birth_certificate
38d2013368b5,1952-06-18,birth_child,positive,-13.017357961648004,-9.368764328822664,-4.042008761187258,birth_certificate
38d2013368b5,1952-06-18,birth_child,positive,-13.017357961648004,-9.368764328822664,-4.042008761187258,birth_certificate
4dc2e6e5fb03,1954-01-01,professional_milestone,positive,-10.880048463995166,-6.48024786223624,-1.9046992635344215,birth_certificate
c216153ce68d,1956-01-01,award,positive,-12.426716386288469,-8.314535367520444,-3.4513671858277224,birth_certificate
3b1985e7ba86,1957-03-27,award,positive,-13.410483439289816,-9.35352595461552,-4.435134238829072,birth_certificate
026446609999,1958-01-01,marriage,positive,-13.046568477558758,-9.170414067328275,-4.071219277098013,birth_certificate
026446609999,1958-01-01,marriage,positive,-13.046568477558758,-9.170414067328275,-4.071219277098013,birth_certificate
c5955128d95f,1960-01-01,award,positive,-11.92266958307452,-8.692752204856927,-2.9473203826137766,birth_certificate
b86f631404e8,1974-01-01,health_critical,negative,-13.03976394006941,-9.217254480999534,-4.064414739608665,birth_certificate
b86f631404e8,1974-01-01,professional_milestone,positive,-13.03976394006941,-9.217254480999534,-4.064414739608665,birth_certificate
605024446bed,1975-04-08,award,positive,-8.76047644217556,-4.6963081670242826,0.2148727582851837,birth_certificate
a10b7b6d9d26,1976-01-01,award,positive,-13.973767101083215,-9.75782910328503,-4.9984179006224725,birth_certificate
4e750eeafc22,1982-01-01,award,positive,-10.594853407058356,-6.008666356779111,-1.6195042065976128,birth_certificate
600d0dc1132c,1982-08-29,death,negative,-14.906619589756923,-11.653635017376336,-5.931270389296181,birth_certificate
dc612d888038,1992-01-01,award,positive,-8.313260366046137,-5.278639274197404,0.6620888344146074,birth_certificate
cd2bf55b780c,1999-01-01,award,positive,-12.285987309680351,-8.502710511111054,-3.3106381092196067,birth_certificate
3483d5d86f44,1942-06-19,marriage,positive,-10.394565796069916,-6.533841755878536,-0.6347316632062263,birth_certificate
3483d5d86f44,1942-06-19,marriage,positive,-10.394565796069916,-6.533841755878536,-0.6347316632062263,birth_certificate
3483d5d86f44,1942-06-19,marriage,positive,-10.394565796069916,-6.533841755878536,-0.6347316632062263,birth_certificate
9a84fe0607dc,1946-01-01,divorce,negative,-12.0194430460267,-8.747115182494593,-2.259608913163012,birth_certificate
8958b7d0952c,1946-08-01,professional_milestone,positive,-10.024679455321758,-5.7102870299145305,-0.2648453224580684,birth_certificate
1b98dc289c06,1946-09-01,relationship_start,neutral,-11.629950610640284,-7.701069544481481,-1.8701164777765944,birth_certificate
e1b3119f4b56,1951-01-01,education_start,neutral,-11.18582834187649,-7.029522259850102,-1.425994209012801,birth_certificate
e1b3119f4b56,1951-01-01,professional_milestone,positive,-11.18582834187649,-7.029522259850102,-1.425994209012801,birth_certificate
d77378970d96,1953-01-01,professional_milestone,positive,-18.83316817334202,-14.877622002723797,-9.073334040478333,birth_certificate
20b049a15715,1954-01-01,professional_milestone,positive,-14.762604837262383,-11.229026496706048,-5.002770704398694,birth_certificate
41e723f76644,1954-01-14,marriage,positive,-16.484378795785382,-12.945224194776888,-6.7245446629216925,birth_certificate
41e723f76644,1954-01-14,marriage,positive,-16.484378795785382,-12.945224194776888,-6.7245446629216925,birth_certificate
41e723f76644,1954-01-14,marriage,positive,-16.484378795785382,-12.945224194776888,-6.7245446629216925,birth_certificate
c185098f26e3,1955-01-01,professional_milestone,positive,-16.5910265354526,-12.947025593204527,-6.8311924025889095,birth_certificate
98201dda6403,1956-01-01,professional_milestone,positive,-13.242597204886993,-10.23281109347486,-3.482763072023303,birth_certificate
b08cdebc6ed5,1956-06-29,marriage,positive,-13.307807765059495,-8.710754516083739,-3.5479736321958057,birth_certificate
b08cdebc6ed5,1956-06-29,marriage,positive,-13.307807765059495,-8.710754516083739,-3.5479736321958057,birth_certificate
b08cdebc6ed5,1956-06-29,marriage,positive,-13.307807765059495,-8.710754516083739,-3.5479736321958057,birth_certificate
ccab6f60dd7f,1957-01-01,professional_milestone,positive,-13.818518378990843,-10.725780581286944,-4.058684246127154,birth_certificate
ebd5cb2db198,1958-01-01,award,positive,-16.424235014694553,-13.409322355485653,-6.664400881830863,birth_certificate
fa19a9836c4c,1959-01-01,award,positive,-15.358961136875498,-12.3288001438518,-5.599127004011809,birth_certificate
e8af567bc690,1960-01-01,award,positive,-12.907879132080549,-9.959049456500903,-3.1480449992168573,birth_certificate
c1194c3b7db9,1961-01-01,award,positive,-18.738658215637507,-14.286875477095723,-8.978824082773817,birth_certificate
c1194c3b7db9,1961-01-01,professional_milestone,neutral,-18.738658215637507,-14.286875477095723,-8.978824082773817,birth_certificate
d5882d75bbc9,1962-08-04,death,negative,-12.38537631072142,-9.248486935912862,-2.6255421778577297,birth_certificate
9278742be53c,1962-08-05,death,negative,-12.087789008303425,-8.740489144394735,-2.327954875439733,birth_certificate
aa675f0683e2,1949-01-26,military_service,neutral,-11.333762479525786,-7.616509418963494,-1.1504712186432968,birth_certificate
60488d4defb2,1949-02-24,military_service,neutral,-8.41578717043415,-4.918584601851121,1.7675040904483392,birth_certificate
1c9b2281d8aa,1949-09-09,professional_milestone,positive,-8.521971206181533,-5.220461384889282,1.6613200547009566,birth_certificate
9ddaf602b2d1,1950-03-02,professional_milestone,positive,-11.530181352569704,-7.679620488523726,-1.3468900916872144,birth_certificate
1259f5349c1f,1950-08-16,professional_milestone,positive,-5.452388274999264,-2.230138139803131,4.730902985883225,birth_certificate
ab60e27ff377,1950-08-23,professional_milestone,positive,-11.421630363666592,-8.006512972596724,-1.2383391027841029,birth_certificate
bf8ec2e04edf,1951-06-05,professional_milestone,positive,-14.342947730964454,-10.72686829389446,-4.1596564700819645,birth_certificate
e7a33bc55515,1951-08-29,military_service,neutral,-9.906987294902226,-6.771944297754359,0.2763039659802633,birth_certificate
824b533ad58f,1952-03-05,military_service,neutral,-18.87540094072132,-15.26999431703275,-8.692109679838827,birth_certificate
944d72b1fa1a,1952-08-23,military_service,neutral,-14.61592232190182,-11.255361599331057,-4.432631061019331,birth_certificate
0deb46ccee9d,1956-01-28,marriage,positive,-11.78920579490806,-7.324906535687252,-1.6059145340255707,birth_certificate
0deb46ccee9d,1956-01-28,marriage,positive,-11.78920579490806,-7.324906535687252,-1.6059145340255707,birth_certificate
fb37d53c8540,1957-06-30,birth_child,positive,-8.050901684167652,-4.474938255796232,2.132389576714837,birth_certificate
f23b7b18ea1e,1966-03-01,professional_milestone,positive,-13.350394507416002,-7.769992110203281,-3.1671032465335127,birth_certificate
41c947ca5120,1969-01-01,award,positive,-10.788533213498091,-7.165924880795562,-0.6052419526156019,birth_certificate
688c5b974db2,1969-07-20,professional_milestone,positive,-14.72441511391698,-11.53135105834669,-4.541123853034492,birth_certificate
c4b24cc4d3b9,1969-07-21,professional_milestone,positive,-14.391800249835406,-11.132245126490137,-4.208508988952916,birth_certificate
b31c4c053fd4,1970-01-01,award,positive,-15.492507648038968,-12.29854032198726,-5.309216387156479,birth_certificate
b31c4c053fd4,1970-01-01,award,positive,-15.492507648038968,-12.29854032198726,-5.309216387156479,birth_certificate
4ee4b7c47742,1971-01-01,retirement,neutral,-11.039322940770427,-7.970886396036603,-0.8560316798879395,birth_certificate
eefa48e0d222,1978-01-01,award,positive,-9.52621379433047,-6.002252634263014,0.6570774665520194,birth_certificate
f22de6043d4f,1978-10-01,award,positive,-9.419317496900458,-6.406813665838445,0.7639737639820314,birth_certificate
b5b9da755f9a,1979-01-01,award,positive,-10.53114474009617,-6.886120854244874,-0.3478534792136809,birth_certificate
c93ad6ffa14d,1994-01-01,marriage,positive,-5.23762034328584,-2.173438410959295,4.945670917596649,birth_certificate
c93ad6ffa14d,1994-01-01,marriage,positive,-5.23762034328584,-2.173438410959295,4.945670917596649,birth_certificate
036084fdf19e,1999-01-01,award,positive,-12.532851092697523,-9.048280634590862,-2.349559831815034,birth_certificate
927893284ce2,2009-01-01,award,positive,-4.106645966007235,-1.23236705934967,6.076645294875254,birth_certificate
bf66a8c90da8,2012-08-25,death,negative,-13.100594711786282,-8.851648169905207,-2.917303450903793,birth_certificate
cefb4598c811,1953-08-01,professional_milestone,positive,-16.043608041088348,-12.757848207989658,0.2911746823574326,birth_certificate
a1c0bebb2be5,1954-01-01,professional_milestone,neutral,-10.105577085391982,-6.548962360238898,6.229205638053799,birth_certificate
d5dac55c72d8,1954-07-05,professional_milestone,positive,-10.367603084770645,-6.029762637095263,5.9671796386751375,birth_certificate
884ebe76af2b,1954-07-17,professional_milestone,positive,-12.29669970346247,-7.694753491047798,4.0380830199833095,birth_certificate
f38071de0512,1956-01-01,professional_milestone,positive,-12.81123912725828,-9.179819948282066,3.523543596187501,birth_certificate
883deba6947d,1956-11-01,professional_milestone,positive,-10.974351319704231,-8.00382854009114,5.360431403741547,birth_certificate
af72c5b83a9e,1958-01-01,military_service,neutral,-13.39233814226376,-10.051383015782257,2.94244458118202,birth_certificate
8133b92855c2,1960-01-01,professional_milestone,positive,-11.013161700652889,-7.981050120978359,5.321621022792892,birth_certificate
205baa37a2f5,1967-05-01,marriage,positive,-12.3110660198205,-8.59430789881345,4.023716703625279,birth_certificate
b98f1e5ef9d7,1968-01-01,professional_milestone,positive,-13.026582027010326,-9.568651839798848,3.3082006964354544,birth_certificate
3db8140ba305,1968-02-01,birth_child,positive,-10.47358274749392,-7.144145996430389,5.861199975951859,birth_certificate
c84141fb6edb,1971-01-01,award,positive,-11.292364387678813,-8.2005230947806,5.042418335766968,birth_certificate
4c71df6c74ac,1973-01-01,professional_milestone,positive,-9.378425177436943,-6.378173533694206,6.956357546008837,birth_certificate
1479d71b922a,1977-08-16,death,negative,-12.094994919958722,-8.638777422207104,4.239787803487058,birth_certificate
f7ee028f8428,1986-01-01,award,positive,-12.041538879589726,-9.041359454346384,4.293243843856054,birth_certificate
ff9eaf324df9,2011-01-01,award,positive,-13.408120035960344,-10.075250099641035,2.926662687485436,birth_certificate
618b461aaa8b,2018-01-01,award,positive,-11.68699467374168,-8.408349569865148,4.647788049704101,birth_certificate
6d80c5156f2a,1962-01-01,professional_milestone,neutral,-16.657743593992734,-13.425395679395123,-5.783027230431413,biography
1f39b49415e0,1966-01-01,artistic_creation,neutral,-12.65529103477724,-9.132445026196738,-1.780574671215918,biography
8d6ca3de05ff,1969-07-11,professional_milestone,positive,-10.000288918481829,-6.307536293025821,0.8744274450794922,biography
731e4ad0bdd7,1970-03-19,marriage,positive,-9.688330372460152,-4.911204120610115,1.1863859911011687,biography
731e4ad0bdd7,1970-03-19,marriage,positive,-9.688330372460152,-4.911204120610115,1.1863859911011687,biography
bdabcb6c3e50,1971-05-30,birth_child,positive,-16.23024477304378,-11.521303136989156,-5.355528409482458,biography
6ec4f2b8ddff,1972-01-01,professional_milestone,positive,-14.59393598806413,-10.08090128558048,-3.719219624502809,biography
30db667e871e,1975-01-01,professional_milestone,positive,-12.181347751220748,-7.879537371206226,-1.3066313876594275,biography
0a844af14739,1976-01-01,award,positive,-15.55059394207849,-11.68027027120262,-4.67587757851717,biography
0a844af14739,1976-01-01,artistic_creation,positive,-15.55059394207849,-11.68027027120262,-4.67587757851717,biography
690725dc46e8,1977-01-01,artistic_creation,positive,-13.662498925109244,-10.08544955592167,-2.7877825615479246,biography
ac04539a5822,1980-01-01,professional_milestone,positive,-12.254580963879745,-8.395096903481175,-1.379864600318422,biography
28320cc69fb9,1983-01-01,professional_milestone,positive,-13.023616411829188,-9.681735299158287,-2.1489000482678677,biography
c6d182576fdb,1992-04-24,marriage,positive,-14.13137329229421,-10.56334548195373,-3.2566569287328893,biography
c6d182576fdb,1992-04-24,marriage,positive,-14.13137329229421,-10.56334548195373,-3.2566569287328893,biography
66d61c1e5e70,1996-01-01,award,positive,-6.806952254116307,-3.671951434053092,4.067764109445013,biography
d4eb17b29669,1997-02-12,award,positive,-18.45998095489921,-15.430577501759656,-7.585264591337887,biography
643fc3dbf49c,1998-01-01,award,positive,-13.472603768016857,-10.24760375516454,-2.597887404455536,biography
223541c66b68,2000-01-01,award,positive,-16.202397158035417,-13.091251982718134,-5.327680794474096,biography
e2b516238053,2000-08-15,birth_child,positive,-10.535346634239591,-6.107336885872858,0.3393697293217297,biography
3eba328b9757,2002-01-01,award,positive,-11.136431938765242,-7.263522690960215,-0.2617155752039206,biography
e4a741562c79,2004-01-01,award,positive,-12.994936856166154,-9.101551871334577,-2.120220492604833,biography
e4a741562c79,2004-01-01,retirement,negative,-12.994936856166154,-9.101551871334577,-2.120220492604833,biography
d0e14b04b285,2006-01-01,award,positive,-13.665078546701784,-10.49277521480398,-2.790362183140463,biography
d0e14b04b285,2006-01-01,professional_milestone,neutral,-13.665078546701784,-10.49277521480398,-2.790362183140463,biography
f6133e25d9f8,2007-01-01,award,positive,-13.087842367810126,-9.97930518105503,-2.213126004248805,biography
287604576449,2013-01-01,award,positive,-17.38301508328676,-14.315749063200546,-6.50829871972544,biography
287604576449,2013-01-01,artistic_creation,positive,-17.38301508328676,-14.315749063200546,-6.50829871972544,biography
1f298b772f67,2016-01-10,death,negative,-13.165889771755348,-9.857716275469544,-2.2911734081940267,biography
43dd7682433c,1960-10-29,professional_milestone,positive,-13.796882980478957,-10.655534904019897,-1.601832572651988,birth_certificate
fa0ef504fea4,1964-01-01,relationship_start,neutral,-10.0760509506014,-5.903462859712635,2.118999457225568,birth_certificate
104168aa7b80,1964-02-25,professional_milestone,positive,-4.897060772872137,-0.8755998879009481,7.29798963495483,birth_certificate
eee008e871b5,1964-08-14,marriage,positive,-14.303556351536498,-10.693453133177783,-2.108505943709531,birth_certificate
eee008e871b5,1964-08-14,marriage,positive,-14.303556351536498,-10.693453133177783,-2.108505943709531,birth_certificate
eee008e871b5,1964-08-14,marriage,positive,-14.303556351536498,-10.693453133177783,-2.108505943709531,birth_certificate
eee008e871b5,1964-08-14,marriage,positive,-14.303556351536498,-10.693453133177783,-2.108505943709531,birth_certificate
909b73e4b6a9,1967-01-01,legal,negative,-14.77152565470078,-11.13611548750643,-2.5764752468738124,birth_certificate
209a02a1ad24,1967-08-17,marriage,positive,-13.751128341956669,-9.98661833834733,-1.5560779341297015,birth_certificate
209a02a1ad24,1967-08-17,marriage,positive,-13.751128341956669,-9.98661833834733,-1.5560779341297015,birth_certificate
209a02a1ad24,1967-08-17,marriage,positive,-13.751128341956669,-9.98661833834733,-1.5560779341297015,birth_certificate
209a02a1ad24,1967-08-17,marriage,positive,-13.751128341956669,-9.98661833834733,-1.5560779341297015,birth_certificate
b636592f0d40,1968-01-01,birth_child,positive,-13.152220595989812,-9.79726564733384,-0.9571701881628448,birth_certificate
f02b2d26c8f5,1971-01-01,legal,positive,-11.827057910456135,-8.761975318270146,0.3679924973708299,birth_certificate
6f0b38e749ee,1972-01-01,birth_child,positive,-16.537837179445326,-13.036365782327826,-4.342786771618359,birth_certificate
fd7873b993ab,1974-01-01,award,positive,-15.153706933105758,-11.708305717198783,-2.95865652527879,birth_certificate
fd7873b993ab,1974-01-01,professional_milestone,positive,-15.153706933105758,-11.708305717198783,-2.95865652527879,birth_certificate
fd24b9ebe84a,1976-01-01,publication,positive,-13.89315750298072,-9.622236560904334,-1.6981070951537536,birth_certificate
1881d63114e6,1976-06-15,birth_child,positive,-12.089087894936023,-8.065708740253076,0.105962512890942,birth_certificate
e683125461ad,1977-01-01,marriage,positive,-14.018332196815669,-10.7451085648578,-1.8232817889887016,birth_certificate
e683125461ad,1977-01-01,marriage,positive,-14.018332196815669,-10.7451085648578,-1.8232817889887016,birth_certificate
e683125461ad,1977-01-01,marriage,positive,-14.018332196815669,-10.7451085648578,-1.8232817889887016,birth_certificate
e683125461ad,1977-01-01,marriage,positive,-14.018332196815669,-10.7451085648578,-1.8232817889887016,birth_certificate
5667ece27a68,1977-12-30,birth_child,positive,-9.943727569759124,-6.586652401443372,2.2513228380678445,birth_certificate
f8419087423e,1981-01-01,retirement,neutral,-12.02476982036292,-8.949769820339199,0.1702805874640471,birth_certificate
410576b4db3c,1984-01-01,health_critical,negative,-7.713402037107439,-4.653402037107439,4.481648370719528,birth_certificate
4977d15e8d96,1986-11-19,marriage,positive,-10.300360978228394,-5.84600617002574,1.8946894295985728,birth_certificate
4977d15e8d96,1986-11-19,marriage,positive,-10.300360978228394,-5.84600617002574,1.8946894295985728,birth_certificate
4977d15e8d96,1986-11-19,marriage,positive,-10.300360978228394,-5.84600617002574,1.8946894295985728,birth_certificate
4977d15e8d96,1986-11-19,marriage,positive,-10.300360978228394,-5.84600617002574,1.8946894295985728,birth_certificate
58ab95ce8102,1990-01-01,award,positive,-5.277735721042709,-2.3795113265377603,6.917314686784258,birth_certificate
3e9d3e77a979,1996-07-19,professional_milestone,positive,-11.781574753442086,-7.72520169180777,0.4134756543848805,birth_certificate
8b61afad356e,1999-01-01,award,positive,-12.983883377275909,-9.487401475642333,-0.7888329694489418,birth_certificate
a7c3fcbd28a2,2001-01-01,award,positive,-10.617988228231695,-7.559016275189679,1.57706217959527,birth_certificate
ce78fb9f19e8,2002-01-11,award,positive,-9.263039203321553,-6.248107775179886,2.9320112045054145,birth_certificate
17d8080f35ee,2005-01-01,award,positive,-11.63811265543952,-8.07396885593485,0.5569377523874461,birth_certificate
17d8080f35ee,2005-01-01,award,positive,-11.63811265543952,-8.07396885593485,0.5569377523874461,birth_certificate
d4f135a982a3,2016-06-03,death,negative,-16.732158520916258,-12.22550622727745,-4.537108113089291,birth_certificate
2e97a13aaf11,1963-01-01,relocation,neutral,-14.2564634263963,-11.106157729334557,-0.1570603376693995,birth_certificate
2e97a13aaf11,1963-01-01,arrest,negative,-14.2564634263963,-11.106157729334557,-0.1570603376693995,birth_certificate
873da6c03718,1965-05-01,relocation,neutral,-13.196110113147942,-9.980338845330555,0.9032929755789584,birth_certificate
fef683aaa224,1966-06-04,professional_milestone,positive,-10.355793989600937,-5.877036538376461,3.743609099125965,birth_certificate
93a7a17075ed,1967-01-01,professional_milestone,positive,-16.294466464948076,-12.698949819605032,-2.195063376221176,birth_certificate
cc8223354ec5,1969-08-15,professional_milestone,positive,-12.600054010224396,-8.828886012220384,1.4993490785025028,birth_certificate
40d839ade1ae,1970-10-04,death,negative,-11.846110103969766,-9.010524482777768,2.2532929847571346,birth_certificate
ee1f16a0266e,1971-01-01,publication,positive,-11.97654034097819,-8.96097968695906,2.1228627477487105,birth_certificate
7316a3acea55,1995-01-01,award,positive,-11.768259171690955,-8.66859277335912,2.331143917035943,birth_certificate
6b03d3bbae93,2005-01-01,award,positive,-9.34961614818377,-5.893704406153718,4.74978694054313,birth_certificate
0e185c3f4146,2013-01-01,award,positive,-12.67830450629086,-9.158546410869263,1.4210985824360414,birth_certificate
f6fa7a832ede,1938-01-01,death,negative,-10.3048945240798,-6.57445409459116,0.7348574026197117,birth_certificate
654b5bc23bbb,1949-05-01,education_end,positive,-15.682373341059623,-11.86425369514654,-4.642621414360114,birth_certificate
ecdc0dac4f37,1951-01-01,professional_milestone,positive,-11.968205828503937,-8.86474532648612,-0.9284539018044242,birth_certificate
fffb57ffc0a9,1951-07-01,professional_milestone,positive,-11.274992740921835,-7.428416402493749,-0.2352408142223243,birth_certificate
72253442307d,1954-01-01,award,positive,-10.13749076122926,-6.700115984544922,0.902261165470252,birth_certificate
c4af7dc28d72,1954-04-08,professional_milestone,positive,-16.753049762881503,-12.456386869080635,-5.713297836181992,birth_certificate
fff45f201358,1955-03-01,publication,positive,-12.140263053851584,-8.756419743041635,-1.1005111271520729,birth_certificate
00282947d452,1955-09-30,death,negative,-10.2503258211307,-7.234747045128442,0.7894261055688112,birth_certificate
00282947d452,1955-09-30,accident,negative,-10.2503258211307,-7.234747045128442,0.7894261055688112,birth_certificate
37dbe95372cf,1956-01-01,award,positive,-11.783565366616251,-7.947202829068066,-0.7438134399167424,birth_certificate
37dbe95372cf,1956-01-01,award,positive,-11.783565366616251,-7.947202829068066,-0.7438134399167424,birth_certificate
f97336a09615,1999-01-01,award,positive,-12.719542779024453,-9.220698775878304,-1.679790852324942,birth_certificate
da5f19b72ff3,1888-01-01,education_start,neutral,-8.022999563672567,-3.389091390294577,1.4795353571929797,birth_certificate
4fc8e330076c,1895-01-01,education_start,neutral,-15.703542543619236,-12.363052285990015,-6.201007622753691,birth_certificate
4fc8e330076c,1895-01-01,relocation,neutral,-15.703542543619236,-12.363052285990015,-6.201007622753691,birth_certificate
3396706cb3f6,1896-01-01,education_start,neutral,-13.131589459721251,-9.409575849820053,-3.629054538855705,birth_certificate
d7ee1ace5f03,1897-01-01,education_start,positive,-12.347506821961286,-9.24523471768542,-2.8449719010957395,birth_certificate
2d09ef43de58,1900-01-01,education_end,positive,-7.285297385950835,-4.168531804695748,2.2172375349147115,birth_certificate
fc7de545594e,1902-01-01,birth_child,positive,-7.05981791612168,-3.490596916291308,2.4427170047438667,birth_certificate
c6031cc8f5d2,1903-01-16,marriage,positive,-12.087800124806586,-8.710528293714795,-2.58526520394104,birth_certificate
c6031cc8f5d2,1903-01-16,marriage,positive,-12.087800124806586,-8.710528293714795,-2.58526520394104,birth_certificate
f2815ec6f87b,1904-05-14,birth_child,positive,-8.693712167145897,-5.393345846115183,0.8088227537196495,birth_certificate
1042f2f6c24e,1905-01-01,professional_milestone,positive,-16.930399218842656,-13.024737664343768,-7.427864297977109,birth_certificate
4ee6814d35df,1910-07-28,birth_child,positive,-13.976747737733865,-10.478614156493869,-4.474212816868317,birth_certificate
cb6069879566,1914-01-01,relocation,neutral,-7.463550343420454,-3.189731652371707,2.038984577445092,birth_certificate
a49d5ccd4374,1919-01-01,marriage,positive,-9.278527708750534,-5.243495787707429,0.224007212115012,birth_certificate
a49d5ccd4374,1919-01-01,marriage,positive,-9.278527708750534,-5.243495787707429,0.224007212115012,birth_certificate
375e4da3be6f,1919-02-14,divorce,negative,-6.209747381322357,-2.418071606487024,3.2927875395431894,birth_certificate
937f1ad6c57a,1920-01-01,award,positive,-13.291071437215884,-9.082061382208424,-3.788536516350339,birth_certificate
da59f4bed4fd,1921-01-01,award,positive,-8.906382006545762,-4.840724613970675,0.5961529143197843,birth_certificate
da59f4bed4fd,1921-01-01,award,positive,-8.906382006545762,-4.840724613970675,0.5961529143197843,birth_certificate
9df9bcccd678,1921-05-05,award,positive,-15.453010311089445,-12.347992489882502,-5.9504753902238985,birth_certificate
749a5fc7cd2b,1923-01-01,award,positive,-19.197876500895667,-15.001359645106014,-9.69534158003012,birth_certificate
546bf4620d03,1926-01-01,award,positive,-12.467119025119803,-8.555715027831088,-2.964584104254257,birth_certificate
6e0c378c9017,1928-01-01,award,positive,-10.339509174391294,-6.755697794588428,-0.8369742535257476,birth_certificate
2c5dc1890fcb,1929-01-01,award,positive,-13.93608136640407,-10.178908279963808,-4.433546445538523,birth_certificate
dbbed108e5d7,1933-01-01,relocation,negative,-15.302774414983377,-11.586297281232664,-5.800239494117829,birth_certificate
adb74ace8587,1935-01-01,award,positive,-15.289648475862892,-11.188813069332753,-5.787113554997346,birth_certificate
3747e0579c4a,1939-01-01,political_event,neutral,-13.062732482182684,-9.718697698955236,-3.5601975613171373,birth_certificate
021d74f6f0eb,1942-01-01,award,positive,-10.709168239120707,-7.255572732488588,-1.206633318255161,birth_certificate
3d5d0e27f912,1949-01-01,award,positive,-9.017437083456734,-5.101734066306568,0.4850978374088122,birth_certificate
115da38effe7,1955-04-18,death,negative,-17.254120031281055,-13.482489128655963,-7.751585110415508,birth_certificate
b79dae76c02b,2008-01-01,award,positive,-10.107949215002206,-6.302686384188029,-0.6054142941366596,birth_certificate
74b8d5f7ef5f,1876-01-01,relocation,neutral,-11.681888111876903,-8.606393324651735,-4.672065659919818,birth_certificate
f11512365a6b,1876-12-25,relocation,neutral,-14.754454859619,-11.70908970866512,-7.744632407661912,birth_certificate
2a92640ba378,1877-01-01,relocation,neutral,-12.09643816497049,-8.74812810343596,-5.086615713013403,birth_certificate
e03a62946dfe,1878-07-01,education_end,negative,-14.880167279931475,-11.254234093435391,-7.870344827974389,birth_certificate
9aef3cf2f65e,1879-01-01,professional_milestone,neutral,-14.390444001891757,-11.35895176392748,-7.38062154993467,birth_certificate
9aef3cf2f65e,1879-01-01,financial_crisis,negative,-14.390444001891757,-11.35895176392748,-7.38062154993467,birth_certificate
14aef7dc3ec5,1880-03-01,relocation,negative,-13.176697565060984,-9.34928235686432,-6.166875113103897,birth_certificate
6ce145a625d3,1880-08-01,relocation,neutral,-12.676602108650512,-9.066894769600228,-5.666779656693427,birth_certificate
b831bb80d0d4,1881-01-01,artistic_creation,positive,-17.631277322892437,-14.532074077411211,-10.62145487093535,birth_certificate
157a46fcb7b2,1886-01-01,relocation,neutral,-10.722027331344435,-6.117817484021431,-3.712204879387349,birth_certificate
92fb2364b410,1888-02-01,relocation,positive,-10.012262327545438,-5.809278529009825,-3.002439875588351,birth_certificate
dcc7fbae1e18,1888-10-01,relationship_end,negative,-18.04893314314089,-13.917802439719404,-11.039110691183804,birth_certificate
09e10f73840c,1889-01-01,health_critical,negative,-12.80220748043222,-9.436985253563536,-5.792385028475133,birth_certificate
0b7da0b38c2f,1890-07-29,death,negative,-17.034948853577003,-12.405351478147455,-10.025126401619916,birth_certificate
3dcc4c1c0730,1906-01-01,publication,positive,-11.252193187029365,-7.584418337846673,-4.242370735072278,birth_certificate
2d1a60743974,1914-01-01,publication,positive,-8.551000253698083,-4.301566438590443,-1.5411778017409965,birth_certificate
9d442446d9e9,1878-01-01,award,positive,-14.472932781724358,-11.382694967750894,-3.0196436894421077,birth_certificate
88dcbd655f43,1884-05-29,marriage,positive,-12.12707060273509,-9.127070602735015,-0.6737815104528391,birth_certificate
c02aeb60d244,1885-06-05,birth_child,positive,-6.866716929192122,-3.15524133251612,4.586572163090129,birth_certificate
31e0c6d77f31,1886-11-03,birth_child,positive,-11.3569892502469,-7.656075427590749,0.0962998420353518,birth_certificate
6d99559a40cd,1900-11-30,death,negative,-13.4924368856344,-9.424637799261395,-2.03914779335215,birth_certificate
4bbea5e58217,1936-01-01,education_start,neutral,-12.059393561295815,-8.732734279728357,-0.6061044690135642,birth_certificate
44f09fe621e9,1939-01-01,relocation,neutral,-14.487635442584482,-11.134816862232446,-3.034346350302231,birth_certificate
9847e0765a60,1944-01-01,professional_milestone,positive,-14.107987979436164,-10.400068701321432,-2.654698887153913,birth_certificate
10b91385976b,1953-01-01,professional_milestone,positive,-14.409257141656951,-9.72129244460588,-2.9559680493747003,birth_certificate
10b91385976b,1953-01-01,award,positive,-14.409257141656951,-9.72129244460588,-2.9559680493747003,birth_certificate
47956e9c1a32,1954-01-01,professional_milestone,positive,-11.358009413754996,-7.591866969219126,0.0952796785272536,birth_certificate
c69f99cc191e,1961-01-01,professional_milestone,positive,-17.633853378675756,-13.73918958011809,-6.180564286393505,birth_certificate
00fac56d33ba,1967-01-01,professional_milestone,positive,-14.713272486349483,-10.7585026654202,-3.259983394067234,birth_certificate
7762e2167779,1989-01-01,professional_milestone,neutral,-9.571051382460825,-6.0524446382079145,1.882237709821428,birth_certificate
e788a67ec205,1990-01-01,award,positive,-10.1882894696611,-6.640265774170056,1.2649996226211524,birth_certificate
681ea923127d,1992-12-01,award,positive,-14.518960535428157,-11.315534730354113,-3.065671443145906,birth_certificate
9e75848cb92f,1993-01-20,death,negative,-11.380449032427718,-7.857969716394765,0.0728400598545331,birth_certificate
79e4338ce168,1855-07-29,marriage,positive,-13.229866321859832,-8.676148488750298,-2.586759908046874,birth_certificate
12127d3205f3,1859-01-01,relocation,neutral,-13.336917685796704,-10.084306964420254,-2.693811271983746,birth_certificate
d5c6723753c8,1860-01-01,relocation,neutral,-11.815349021321149,-8.026669368868237,-1.1722426075081884,birth_certificate
30a4f7a41530,1873-01-01,education_end,positive,-14.337464524317935,-10.147489096372649,-3.6943581105049783,birth_certificate
e40bb389387f,1876-01-01,professional_milestone,neutral,-13.208572360759472,-9.996827129794084,-2.5654659469465138,birth_certificate
26a8aa471022,1879-01-01,military_service,neutral,-12.42878088707221,-9.398411414948004,-1.7856744732592509,birth_certificate
f0072cdf077d,1881-03-01,professional_milestone,positive,-9.00481259704754,-5.690722591160702,1.6382938167654189,birth_certificate
3a005661f51a,1882-01-01,professional_milestone,positive,-8.479680073834636,-5.388993676517632,2.1634263399783222,birth_certificate
6befd8642e84,1884-01-01,publication,positive,-15.14141266085573,-11.461888853885604,-4.498306247042772,birth_certificate
b00ffc65a855,1886-01-01,marriage,positive,-13.896292933349612,-10.380845058496696,-3.253186519536655,birth_certificate
966afb583e89,1886-09-14,marriage,positive,-11.961475239271577,-8.41988445811948,-1.3183688254586166,birth_certificate
5f52e3bb032e,1887-01-01,birth_child,positive,-12.577875459711198,-8.291725230253855,-1.9347690458982392,birth_certificate
d3c37a0f35c4,1888-01-01,birth_child,positive,-9.181918675892486,-4.203814442063447,1.461187737920472,birth_certificate
b9009841384c,1889-12-06,birth_child,positive,-10.14258750514602,-6.639231578631449,0.5005189086669386,birth_certificate
c236d1d1e9cd,1891-01-01,publication,positive,-8.985247942187291,-5.559765378588322,1.6578584716256677,birth_certificate
d5b0469e0f9b,1891-02-19,birth_child,positive,-8.860004829293413,-5.09786456631327,1.783101584519546,birth_certificate
5f7a262fdc28,1892-04-06,birth_child,positive,-13.433621231989036,-9.361987357045878,-2.790514818176078,birth_certificate
eae7ade37b63,1893-04-12,birth_child,positive,-10.52122214158551,-6.81372244878591,0.1218842722274491,birth_certificate
50d66354f447,1895-12-03,birth_child,positive,-6.1370902155285485,-2.245645757038389,4.50601619828441,birth_certificate
95e7c6d12906,1897-12-08,professional_milestone,positive,-11.952378960084836,-7.94274633549592,-1.3092725462718775,birth_certificate
816e739ffaa9,1899-01-01,publication,positive,-12.22084223010003,-8.48827581324293,-1.5777358162870725,birth_certificate
d05064e5f280,1908-01-01,professional_milestone,positive,-7.551470842445822,-3.940333490647828,3.091635571367137,birth_certificate
c44ce185894e,1930-01-01,award,positive,-8.12195464972309,-4.649889505663403,2.5211517640898684,birth_certificate
07d68f606ce0,1936-06-25,award,positive,-8.038732913852824,-4.514215298875296,2.6043734999601345,birth_certificate
38aff2a50f0b,1938-01-01,relocation,negative,-10.208399663727684,-6.53076023752633,0.4347067500852741,birth_certificate
55a87772faa5,1939-09-23,death,negative,-17.57552193294957,-13.488883739781471,-6.932415519136612,birth_certificate
fa3c78f10dd7,1944-01-01,education_end,neutral,-14.46601653793874,-11.094076904371423,0.8674202940006879,birth_certificate
ab6bc60ce3f4,1944-07-01,professional_milestone,positive,-9.160086975707207,-5.554890820497502,6.173349856232221,birth_certificate
5a113c387429,1944-09-01,education_start,neutral,-9.819259591285848,-6.455009011109713,5.514177240653581,birth_certificate
c0d8d4663fd1,1945-04-24,professional_milestone,positive,-8.740654624332475,-5.218631084588882,6.5927822076069535,birth_certificate
b6afb4287ca6,1945-11-26,professional_milestone,positive,-12.054227556505223,-8.734886447247936,3.2792092754342037,birth_certificate
d857c52ea433,1946-01-01,birth_child,positive,-12.393433236141512,-8.007603454494712,2.9400035957979167,birth_certificate
966227aba857,1946-03-01,professional_milestone,positive,-15.383028410732146,-11.712652533435028,-0.0495915787927181,birth_certificate
5b1472d8ec72,1955-01-01,publication,positive,-14.520507414220118,-9.773016479494189,0.8129294177193103,birth_certificate
eb3062cf3999,1959-12-21,marriage,positive,-8.580468142809007,-5.609008263764755,6.752968689130421,birth_certificate
eb3062cf3999,1959-12-21,marriage,positive,-8.580468142809007,-5.609008263764755,6.752968689130421,birth_certificate
eb3062cf3999,1959-12-21,marriage,positive,-8.580468142809007,-5.609008263764755,6.752968689130421,birth_certificate
d5f0f3d2ffe2,1960-01-01,publication,positive,-11.176832366815908,-8.138586470496788,4.156604465123522,birth_certificate
0fc41ebd0903,1965-01-01,publication,positive,-12.015692362016198,-8.939364029369722,3.3177444699232304,birth_certificate
ce84c0b49e58,1968-09-30,marriage,positive,-8.631982044186069,-4.854917771584713,6.70145478775336,birth_certificate
ce84c0b49e58,1968-09-30,marriage,positive,-8.631982044186069,-4.854917771584713,6.70145478775336,birth_certificate
ce84c0b49e58,1968-09-30,marriage,positive,-8.631982044186069,-4.854917771584713,6.70145478775336,birth_certificate
38f739fe6cb5,1970-01-01,publication,positive,-15.880618395831826,-12.690682610805778,-0.5471815638923978,birth_certificate
7822b096d510,1981-01-01,publication,positive,-12.504642507385617,-9.429642507371234,2.8287943245538134,birth_certificate
b1abfb2e538f,1981-11-26,marriage,positive,-10.126411921761065,-7.216343811327867,5.207024910178363,birth_certificate
b1abfb2e538f,1981-11-26,marriage,positive,-10.126411921761065,-7.216343811327867,5.207024910178363,birth_certificate
b1abfb2e538f,1981-11-26,marriage,positive,-10.126411921761065,-7.216343811327867,5.207024910178363,birth_certificate
ce976608dc6b,1984-01-01,award,positive,-8.070328929550717,-5.055328929550717,7.263107902388711,birth_certificate
10ec1653446a,1986-01-01,publication,positive,-12.247054702474523,-9.246770699829195,3.086382129464903,birth_certificate
1098e438ef52,1988-01-01,award,positive,-8.28703054718843,-4.932714356116153,7.046406284750999,birth_certificate
7265bcc4bcc2,1990-01-01,award,positive,-7.581735007415924,-4.647948535711355,7.751701824523504,birth_certificate
7265bcc4bcc2,1990-01-01,award,positive,-7.581735007415924,-4.647948535711355,7.751701824523504,birth_certificate
b120d919fc5a,1991-09-28,death,negative,-9.776267002841749,-5.725235499090925,5.557169829097679,birth_certificate
267b32b1ffca,2006-01-01,award,positive,-10.66792760641794,-7.344894869133126,4.66550922552149,birth_certificate
62a4d59ffe11,1927-01-01,political_event,positive,-9.62838174574332,-5.495488667558139,-1.9997995029761668,birth_certificate
db60c4656a6c,1929-01-01,marriage,positive,-12.49154626737251,-8.108921748793202,-4.862964024605358,birth_certificate
6f71f5a3072b,1929-08-21,marriage,positive,-10.351219374239813,-7.212880564906989,-2.722637131472659,birth_certificate
d5e19b4fc42e,1938-01-01,professional_milestone,positive,-16.21798456232053,-12.496280007140864,-8.589402319553379,birth_certificate
46fcdc5fa2d4,1939-01-01,professional_milestone,neutral,-14.015187901680422,-10.496617434049387,-6.38660565891327,birth_certificate
820f64bf5337,1939-03-01,exhibition,neutral,-11.397035274117329,-7.967957493356924,-3.7684530313501767,birth_certificate
3538bfa50856,1940-01-01,marriage,positive,-8.624052528469765,-4.26437024235029,-0.9954702857026128,birth_certificate
3538bfa50856,1940-01-01,artistic_creation,positive,-8.624052528469765,-4.26437024235029,-0.9954702857026128,birth_certificate
0cb15ad3fed6,1953-01-01,exhibition,positive,-13.862377884349288,-9.91726465710336,-6.233795641582136,birth_certificate
7743860d3e70,1954-07-13,death,negative,-10.888573024420868,-6.71225177188864,-3.259990781653716,birth_certificate
382390b3f715,1970-01-01,professional_milestone,positive,-18.39316536282139,-15.070731855355351,-10.764583120054237,birth_certificate
0413c3caae63,1990-01-01,professional_milestone,positive,-6.3331178078163815,-2.771706782232301,1.2954644349507705,birth_certificate
c7f9d070caec,1883-05-01,marriage,positive,-6.208950174958116,-2.7404363368153666,3.8977515988877913,biography
f69277d66f9b,1887-11-01,education_end,positive,-13.1865145882514,-9.274238355380934,-3.079812814405491,biography
fd8617a763ef,1888-01-01,education_start,neutral,-9.16854671912038,-5.514385789026822,0.9381550547255272,biography
964a8c0debdf,1888-08-10,relocation,neutral,-11.035983845705822,-6.484800370963122,-0.9292820718599142,biography
68973fe46591,1888-08-23,birth_child,positive,-11.32654340002678,-7.01271031540664,-1.219841626180871,biography
5bc974bf948f,1888-09-04,relocation,neutral,-10.86289052388248,-6.09611547097029,-0.7561887500365732,biography
61fc0b3abdd0,1889-01-01,professional_milestone,positive,-10.567794420017036,-6.970157548275438,-0.461092646171128,biography
d04835607b9d,1892-10-28,birth_child,positive,-8.428887526368744,-4.69200705954554,1.6778142474771638,biography
8e74fe53c6a7,1893-01-01,relocation,neutral,-16.250240748162394,-11.86778807264364,-6.143538974316487,biography
96877603e8eb,1897-01-02,birth_child,positive,-9.73196304607598,-5.545440780172811,0.3747387277699268,biography
aae575def77d,1900-05-22,birth_child,positive,-9.195068558104476,-4.9405338124119815,0.9116332157414302,biography
fc390ccca6c0,1914-01-01,professional_milestone,positive,-8.650976752116975,-5.151547820206984,1.4557250217289326,biography
e7bf66aeb2c0,1915-01-01,relocation,neutral,-2.3330292957211527,1.2892451493585837,7.773672478124755,biography
00f8871299c8,1921-01-01,professional_milestone,positive,-6.785449260211772,-2.2316177801049584,3.3212525136341355,biography
150d64c65c03,1930-03-12,political_event,positive,-10.044893979143804,-6.113790083762039,0.0618077947021031,biography
61f450e116a2,1930-12-01,award,positive,-10.998005514204642,-6.675853494285879,-0.8913037403587349,biography
fd139a65e4b1,1942-01-01,political_event,positive,-9.65245258093426,-6.226547105535634,0.4542491929116483,biography
e03990d9d863,1947-08-15,political_event,neutral,-4.737401507313602,1.1947425658728763,5.3693002665323055,biography
59179fee02a2,1948-01-12,health_critical,negative,-12.26585071788302,-8.300474936215135,-2.159148944037113,biography
fdd0077168b4,1948-01-30,death,negative,-13.9142084594614,-10.12729519034534,-3.807506685615493,biography
b0252722efba,1855-01-01,relocation,positive,-13.734951945795183,-10.446448371241663,0.7503005329622443,birth_certificate
c719feb2ce1d,1857-04-02,birth_child,positive,-9.694554458246822,-6.619554458246382,4.790698020510606,birth_certificate
475abbdf827e,1864-01-01,education_start,positive,-11.41878965615144,-7.257859436506182,3.0664628226059865,birth_certificate
ca1365390fab,1871-01-01,education_end,positive,-12.885391561435677,-8.832903894855015,1.5998609173217524,birth_certificate
ca1365390fab,1871-01-01,death,negative,-12.885391561435677,-8.832903894855015,1.5998609173217524,birth_certificate
e433e34b87f2,1874-01-01,education_start,positive,-11.68803579468114,-7.727791734298655,2.797216684076288,birth_certificate
a0cf9297c965,1878-01-01,psychological_crisis,neutral,-12.347682011995389,-9.268810221589815,2.1375704667620408,birth_certificate
11c0653ae073,1890-01-01,publication,positive,-14.131141542683086,-10.954657686644104,0.3541109360743419,birth_certificate
cb7511046d40,1891-01-01,artistic_creation,positive,-12.441508407759354,-9.065172335226286,2.043744070998073,birth_certificate
7a7e0b5439d6,1895-01-01,professional_milestone,positive,-15.27894224944433,-11.398557280201295,-0.7936897706869033,birth_certificate
7a7e0b5439d6,1895-01-01,arrest,negative,-15.27894224944433,-11.398557280201295,-0.7936897706869033,birth_certificate
d81864948b84,1895-05-25,legal,negative,-2.738132459614709,0.6965151477496674,11.747120019142718,birth_certificate
baf54848f71d,1898-01-01,artistic_creation,neutral,-10.142967853498227,-6.13742823815679,4.3422846252592,birth_certificate
2d6d96c58965,1900-11-30,death,negative,-12.553128099335751,-8.6070406602903,1.9321243794216745,birth_certificate
d3fc6239b036,1923-01-01,education_start,neutral,-15.41159250227166,-11.616699253738355,-0.926340023514232,birth_certificate
d9fa841b77c6,1961-01-01,award,positive,-14.413090881852176,-10.072092232867798,0.07216159690525,birth_certificate
635f898650c1,1961-09-18,death,negative,-14.033106978486874,-10.894530816727702,0.4521455002705536,birth_certificate
bd8aff1fb852,1891-01-01,relocation,neutral,-13.313857022181926,-10.044859038408308,-2.7004177095578203,birth_certificate
c5280e455940,1895-01-01,death,negative,-16.089004094280455,-12.2388130809264,-5.475564781656349,birth_certificate
c5280e455940,1895-01-01,relocation,neutral,-16.089004094280455,-12.2388130809264,-5.475564781656349,birth_certificate
ba85ffd52d56,1897-01-01,education_start,neutral,-9.952063677016866,-6.568966566718848,0.6613756356072393,birth_certificate
fc2e37fc6b05,1900-01-01,professional_milestone,positive,-7.516048088301639,-3.8794528510763873,3.0973912243224664,birth_certificate
1b786036c001,1901-01-01,artistic_creation,neutral,-7.96005740184547,-4.244214771678585,2.653381910778636,birth_certificate
916c0522dd8b,1901-03-31,publication,positive,-9.88948321619072,-6.039112451203264,0.7239560964333869,birth_certificate
86a8d61870b3,1904-01-01,artistic_creation,positive,-8.426520991293357,-4.419425768421759,2.186918321330749,birth_certificate
86a8d61870b3,1904-01-01,relationship_start,positive,-8.426520991293357,-4.419425768421759,2.186918321330749,birth_certificate
5b43401234cf,1905-01-01,professional_milestone,positive,-16.284906919588394,-12.131905828229112,-5.671467606964288,birth_certificate
ae05af0eb143,1907-01-01,professional_milestone,positive,-15.695636573432036,-11.024166243901616,-5.082197260807929,birth_certificate
7c9881e8d94d,1918-07-12,marriage,positive,-9.802723436901626,-6.712695959058912,0.8107158757224795,birth_certificate
7c9881e8d94d,1918-07-12,marriage,positive,-9.802723436901626,-6.712695959058912,0.8107158757224795,birth_certificate
7c9881e8d94d,1918-07-12,marriage,positive,-9.802723436901626,-6.712695959058912,0.8107158757224795,birth_certificate
6e353fa00895,1921-02-04,birth_child,positive,-10.026167344927089,-6.337822452097489,0.5872719676970188,birth_certificate
b81e823bd2c0,1935-09-05,birth_child,positive,-8.354756626754842,-4.613210325300004,2.258682685869264,birth_certificate
04331049d869,1937-01-01,artistic_creation,negative,-13.762426787170408,-10.35454118038665,-3.148987474546301,birth_certificate
aed61c858684,1947-05-15,birth_child,positive,-7.133976877862836,-3.3883082287124173,3.479462434761269,birth_certificate
8dc0197ed41d,1949-04-19,birth_child,positive,-16.89861180026475,-13.091069497902232,-6.285172487640644,birth_certificate
bd683f9d42f3,1961-03-02,marriage,positive,-11.225855165280162,-6.2745057041026655,-0.6124158526560564,birth_certificate
bd683f9d42f3,1961-03-02,marriage,positive,-11.225855165280162,-6.2745057041026655,-0.6124158526560564,birth_certificate
bd683f9d42f3,1961-03-02,marriage,positive,-11.225855165280162,-6.2745057041026655,-0.6124158526560564,birth_certificate
35a7948d1fdd,1962-01-01,award,positive,-16.647555496207087,-13.44501034146576,-6.034116183582981,birth_certificate
c2a39c54e69d,1971-12-17,award,positive,-15.377943991567872,-11.683672492353333,-4.764504678943766,birth_certificate
70ad3d9254a2,1973-04-08,death,negative,-18.388010094813367,-14.408048868427644,-7.774570782189262,birth_certificate
e0f3dfdac459,1906-01-01,professional_milestone,neutral,-12.371091041585734,-8.524797125454409,2.274152967704092,birth_certificate
a4a31fc2f6c0,1908-01-01,relationship_start,positive,-7.8097642602326705,-3.9800590676833862,6.835479749057155,birth_certificate
73c5defcf82d,1910-01-01,professional_milestone,positive,-11.43102137042878,-7.007599003308628,3.2142226388610453,birth_certificate
70c8950a8d04,1913-01-01,professional_milestone,positive,-13.016592044703334,-9.174812062584772,1.628651964586492,birth_certificate
08935637524d,1915-01-01,professional_milestone,positive,-7.335962682776728,-2.6817238189229284,7.309281326513098,birth_certificate
9ae60c247f12,1918-01-01,professional_milestone,positive,-6.730259571948881,-2.618379414363565,7.914984437340944,birth_certificate
78f00f8a84d7,1919-12-22,accident,negative,-13.502169630680203,-9.561431394005862,1.1430743786096205,birth_certificate
55501036f611,1920-09-01,relationship_start,positive,-13.302458585500943,-8.960790528903765,1.3427854237888803,birth_certificate
b3713eddc17c,1921-01-01,professional_milestone,positive,-8.167610399471034,-3.472909890257716,6.477633609818792,birth_certificate
925bb0f05bf2,1923-01-01,artistic_creation,positive,-16.883101964906345,-12.840870632019708,-2.2378579556165192,birth_certificate
70e6034d4df2,1939-01-01,professional_milestone,negative,-13.67107958540785,-10.307547370989962,0.9741644238819748,birth_certificate
7600df033eba,1954-01-01,professional_milestone,positive,-13.585948415891448,-9.96347319202238,1.059295593398378,birth_certificate
33f950c6bbf9,1957-01-01,award,positive,-14.066327091156438,-10.318125596148526,0.5789169181333875,birth_certificate
2a9ec41dba00,1971-01-10,death,negative,-9.039180137340056,-4.994775431833661,5.60606387194977,birth_certificate
14357d81cc73,1941-04-01,relocation,neutral,-13.125240128150486,-9.166425435908597,-4.440819119360313,birth_certificate
934268b02e3d,1958-01-01,professional_milestone,positive,-16.48127889990545,-13.41574734803034,-7.796857891115279,birth_certificate
934268b02e3d,1958-01-01,professional_milestone,positive,-16.48127889990545,-13.41574734803034,-7.796857891115279,birth_certificate
ea38886b1038,1959-01-01,professional_milestone,positive,-15.426833071077102,-12.39650955786501,-6.742412062286929,birth_certificate
7f11035dc3a9,1959-04-01,relocation,neutral,-15.867606037601684,-12.251142831969055,-7.183185028811511,birth_certificate
eb954814c9cf,1961-01-01,education_start,neutral,-17.802205605325266,-13.284147504526508,-9.117784596535094,birth_certificate
699d8a852eaa,1961-03-01,education_start,neutral,-11.674717968702952,-7.316968464747331,-2.9902969599127798,birth_certificate
342b54376749,1964-01-01,marriage,positive,-10.331346965792196,-6.986602777187732,-1.646925957002022,birth_certificate
342b54376749,1964-01-01,relocation,neutral,-10.331346965792196,-6.986602777187732,-1.646925957002022,birth_certificate
342b54376749,1964-01-01,professional_milestone,positive,-10.331346965792196,-6.986602777187732,-1.646925957002022,birth_certificate
02e2ceeb154a,1965-02-01,birth_child,positive,-11.842956336701542,-8.720842536999635,-3.1585353279113697,birth_certificate
2b4a7946839f,1966-01-01,professional_milestone,positive,-9.015147131044396,-4.857261899159536,-0.3307261222542248,birth_certificate
7bc969eb0c8b,1969-04-19,birth_child,positive,-9.5040594937286,-4.750295801339124,-0.8196384849384266,birth_certificate
39dd13d45e0c,1971-01-01,professional_milestone,positive,-11.17351979483159,-7.6877588388845695,-2.489098786041417,birth_certificate
f9452bc04b12,1972-01-01,professional_milestone,positive,-13.346022658679155,-10.010312715861309,-4.6616016498889845,birth_certificate
3e6b4ef81181,1973-01-01,professional_milestone,positive,-8.087097574118843,-4.892782539188291,0.5973234346713294,birth_certificate
cf618e95daf2,1973-07-20,death,negative,-10.604552848208318,-6.441893791333614,-1.9201318394181448,birth_certificate
115c6b75d802,1978-01-01,professional_milestone,neutral,-10.386351791372272,-6.6843929264323005,-1.7019307825820995,birth_certificate
42655db9b406,2015-01-01,award,positive,-8.219185979077542,-4.448968874353078,0.4652350297126304,birth_certificate
b4331f3c764a,1961-05-31,military_service,negative,-13.976520385894728,-10.028241096853918,4.279873868893516,birth_certificate
dbf1b3b093fe,1961-11-08,relocation,neutral,-14.273754288002989,-10.678291906206027,3.982639966785257,birth_certificate
e76d4b5ae3fb,1962-01-11,professional_milestone,positive,-14.444675399274466,-10.858394865846009,3.811718855513778,birth_certificate
91cbc7bcb67e,1962-06-29,divorce,negative,-12.617510855919695,-7.791174744910997,5.638883398868547,birth_certificate
ae98000982af,1966-12-01,relocation,neutral,-14.471183701162031,-11.395986627589476,3.785210553626211,birth_certificate
3bbb02fdc927,1967-06-18,professional_milestone,positive,-12.550329383856592,-8.053312528751283,5.706064870931652,birth_certificate
0e923cbd1699,1968-10-25,publication,positive,-10.4559092418656,-7.192686122576304,7.800485012922644,birth_certificate
454e1f72ccb6,1969-08-18,professional_milestone,positive,-10.545138701948204,-6.616820625309044,7.71125555284004,birth_certificate
ccd59322daee,1970-09-18,death,negative,-14.054009144561114,-10.14278499334014,4.20238511022713,birth_certificate
39d1fdb58142,1991-11-21,award,positive,-12.425854740428196,-7.720232242947516,5.830539514360048,birth_certificate
a11ae04fc5c0,1992-01-01,award,positive,-5.70093231754019,-2.693894304482764,12.555461937248054,birth_certificate
bbec1051abc9,1860-09-21,death,negative,-15.344616480133682,-11.52664791866485,-3.716709488242385,other
81ae53034a28,1900-12-01,relocation,neutral,-11.851704568822152,-7.64136405487041,-0.2237975769308544,other
c95755eb51df,1902-01-01,professional_milestone,positive,-6.965933087205421,-3.3686380936418927,4.661973904685876,other
69259714cb31,1903-01-01,publication,positive,-7.317511377705833,-3.488303078074676,4.310395614185464,other
a13e36959dc2,1907-01-01,relationship_start,positive,-15.051322789904535,-10.515670142148164,-3.42341579801324,other
ffbc61ab9db0,1910-01-01,professional_milestone,positive,-12.755010591327943,-8.22142529715221,-1.127103599436646,other
519b7509c292,1913-01-06,psychological_crisis,neutral,-8.953883436565693,-5.2392351950227045,2.674023555325604,other
72e187d96a51,1926-01-01,discovery,positive,-12.209634390050708,-8.306306810383406,-0.5817273981594102,other
6b3adcda9f4c,1933-01-01,political_event,negative,-15.339798894036235,-11.63228991747786,-3.711891902144938,other
95bff4cb5a07,1944-01-01,health_critical,negative,-12.185069517523283,-8.649793543290908,-0.5571625256319876,other
cdb251c6c6f0,1944-02-11,health_critical,neutral,-11.67008555043568,-7.658188022490494,-0.0421785585443839,other
a201989e2b8c,1953-01-01,publication,positive,-13.286295884066314,-8.23530316773317,-1.658388892175017,other
a0544ffaea1d,1961-06-06,death,negative,-10.7101842378317,-7.109252170391354,0.9177227540595982,other
e5dc9b2f87a7,1870-01-01,education_start,neutral,-11.46179425841466,-7.819180496718987,-1.838812677135678,other
b7974393d6e0,1875-01-01,education_start,neutral,-11.49527194461414,-7.343044458553425,-1.872290363335157,other
24ef4e7b1a3b,1884-06-01,relocation,neutral,-14.211231028878904,-11.21123102782816,-4.588249447599921,other
296009616765,1884-06-06,relocation,neutral,-14.343855513373637,-11.388793000038907,-4.720873932094653,other
8c336b4fd48a,1888-01-01,professional_milestone,positive,-7.763671115699768,-2.8749386529806817,1.8593104655792128,other
841b385ab492,1893-01-01,professional_milestone,positive,-15.868658480186076,-12.351369901614271,-6.245676898907096,other
f62da3b10d14,1894-01-01,award,positive,-9.273762687150684,-5.455422036365441,0.3492188941282972,other
71cec93d9b7f,1895-01-01,artistic_creation,positive,-13.91841495074706,-10.64970968320572,-4.295433369468078,other
58fd26b49b9f,1899-01-01,professional_milestone,positive,-11.741024053438467,-8.20497641282708,-2.1180424721594857,other
35802708ab27,1901-01-01,artistic_creation,positive,-9.137430361920206,-6.083814021484569,0.4855512193587756,other
5e799b0d3e53,1916-01-01,award,positive,-11.367521130155495,-7.223808883351227,-1.7445395488765154,other
1d7ee1878dfd,1917-01-01,financial_crisis,negative,-11.00089295421575,-6.919389729747541,-1.377911372936769,other
8287dfb49c22,1934-01-01,award,positive,-11.60137060850876,-6.847262653921884,-1.9783890272297795,other
4f9d5d413b18,1936-01-01,award,positive,-12.03691139981608,-8.376972559969335,-2.413929818537099,other
ad08cf01c34a,1943-01-07,death,negative,-15.679037592107113,-11.660973475253016,-6.056056010828131,other
487eac96be76,1960-01-01,award,positive,-11.983640238754706,-8.757664407498162,-2.3606586574757245,other
90b1fd04c084,1975-01-01,award,positive,-13.634865627069814,-9.359933751079568,-4.011884045790833,other
4d68aa1521d1,2013-01-01,award,positive,-12.468064383454958,-9.255721145242266,-2.845082802175977,other
bfd686ca40b8,1926-01-01,education_start,neutral,-12.324104119037289,-8.608173357103423,-3.0258937413411786,other
0b3c0487f819,1931-01-01,education_start,neutral,-11.958798864989806,-8.020883580970272,-2.660588487293696,other
2029e1251367,1936-01-01,award,positive,-12.48522764923046,-9.226321527437408,-3.1870172715343514,other
88d6d52ecf87,1936-05-28,publication,neutral,-13.149386908441734,-9.717182186560008,-3.851176530745624,other
dab70ab3028c,1937-01-01,education_start,neutral,-13.131212754021377,-9.738950365042218,-3.8330023763252647,other
c38a4e46a3e6,1938-01-01,education_end,positive,-16.7537212946589,-13.449330687118968,-7.455510916962789,other
58374d957fcb,1939-01-01,professional_milestone,positive,-13.63130695788806,-10.255248336570403,-4.333096580191949,other
42b334329346,1940-01-01,professional_milestone,positive,-11.376917011236532,-7.719232998782483,-2.0787066335404223,other
904ff3c42963,1943-01-01,professional_milestone,positive,-14.335024799860854,-10.191262579994936,-5.036814422164744,other
2defc6f90e23,1945-01-01,professional_milestone,positive,-13.760001156391615,-8.938797369427482,-4.461790778695507,other
ebeff190eed1,1946-06-24,award,positive,-12.407523365837015,-9.107353646872127,-3.109312988140905,other
36b7259b4b30,1948-01-01,professional_milestone,positive,-17.892429848882077,-14.025655845751572,-8.594219471185967,other
1e2bb8936edc,1951-01-01,award,positive,-10.664346916115212,-5.438998100018905,-1.3661365384191022,other
4d23b2073b76,1952-01-01,legal,negative,-12.832846847029144,-8.221057367697885,-3.5346364693330354,other
f087a24f228a,1952-03-31,crisis_legal,neutral,-17.91875056205016,-13.747979551929037,-8.62054018435405,other
3b3a532fbb8b,1954-06-07,death,negative,-11.429974841465446,-8.270382929681361,-2.1317644637693363,other
51be9e9b0ddb,2009-01-01,political_event,positive,-5.259710675162023,-2.0295032763662744,4.038499702534087,other
8074055996a6,2012-06-23,exhibition,positive,-16.049722797862565,-11.90122160478061,-6.751512420166455,other
20c557e6f755,2013-01-01,legal,positive,-17.428500634476283,-14.361231902021938,-8.130290256780173,other
fde32a3cd618,2017-01-01,political_event,positive,-14.466577689339504,-10.995828250302852,-5.168367311643396,other
e084ac87e1dc,2019-01-01,award,positive,-13.799362528124757,-10.692988431234712,-4.501152150428645,other
40efcc08d575,2021-06-23,publication,positive,-14.30951097258022,-10.871174134778776,-5.0113005948841085,other
